0;5.-2.x;1;434;48;0;1;-30000;-1;-1
1;t;1;434;60;0;0;2;-1;-1
2;t;1;400;60;0;1;3;4;-1
3;t;1;400;48;0;2;-1;-1;-1
4;t;1;396;120;0;2;56;-1;-1
5;t;1;466;184;0;6;-30000;-1;-1
6;t;1;454;184;0;5;-1;-1;-1
7;t;2;212;66;13;8;22;-30000;-1
8;t;2;208;102;13;7;9;-1;-1
9;t;2;208;118;13;8;10;11;-1
10;t;2;226;118;13;9;-1;-1;-1
11;t;2;206;128;13;9;12;-1;-1
12;t;2;170;128;13;11;13;-1;-1
13;t;2;142;128;13;12;14;-1;-1
14;t;2;118;128;13;13;15;-1;-1
15;t;2;102;128;13;14;16;-1;-1
16;t;2;82;128;13;15;17;-1;-1
17;t;2;52;128;13;16;18;-1;-1
18;t;2;26;128;13;17;19;-1;-1
19;t;2;26;80;13;18;20;35;-1
20;t;2;26;40;13;19;21;-1;-1
21;t;2;26;18;13;20;-1;-1;-1
22;5.0.x;3;212;66;25;23;7;40;-1
23;t;3;212;88;25;22;24;25;-1
24;t;3;238;88;25;23;-1;-1;-1
25;t;3;212;118;25;23;26;27;28
26;t;3;242;118;25;25;-1;-1;-1
27;t;3;212;160;25;25;-30000;-1;-1
28;t;3;166;118;25;25;29;-1;-1
29;t;3;144;118;25;28;30;-1;-1
30;t;3;120;118;25;29;31;-1;-1
31;t;3;98;118;25;30;32;-1;-1
32;t;3;74;118;25;31;33;-1;-1
33;t;3;52;118;25;32;34;-1;-1
34;t;3;26;118;25;33;35;-1;-1
35;t;3;26;80;25;34;36;19;69
36;t;3;26;70;25;35;37;38;39
37;t;3;8;70;25;36;-30000;-1;-1
38;t;3;48;74;25;36;-30000;-1;-1
39;t;3;26;36;25;36;-1;-1;-1
40;5.1.x;4;212;66;38;41;22;71;-1
41;t;4;212;114;38;40;42;59;-1
42;t;4;212;134;38;41;43;59;58
43;t;4;234;134;38;42;44;-1;-1
44;t;4;256;134;38;43;45;-1;-1
45;t;4;280;134;38;44;46;-1;-1
46;t;4;300;134;38;45;47;-1;-1
47;t;4;324;134;38;46;48;-1;-1
48;t;4;348;134;38;47;49;-1;-1
49;t;4;368;134;38;48;50;-1;-1
50;t;4;396;134;38;49;51;55;-1
51;t;4;414;134;38;50;52;-1;-1
52;t;4;444;134;38;51;53;-1;-1
53;t;4;444;112;38;52;54;-1;-1
54;t;4;414;112;38;53;55;-1;-1
55;t;4;396;82;38;50;54;56;-1
56;t;4;396;120;38;55;57;4;83
57;t;4;396;44;38;56;-1;-1;-1
58;t;4;212;160;38;42;-30000;-1;-1
59;t;4;186;120;38;41;42;60;-1
60;t;4;166;120;38;59;61;-1;-1
61;t;4;142;120;38;60;62;-1;-1
62;t;4;120;120;38;61;63;-1;-1
63;t;4;100;120;38;62;64;-1;-1
64;t;4;68;120;38;63;65;-1;-1
65;t;4;52;120;38;64;66;-1;-1
66;t;4;26;120;38;65;67;68;-1
67;t;4;4;120;38;66;-1;-1;-1
68;t;4;26;104;38;66;69;-1;-1
69;t;4;26;80;38;68;70;35;93
70;t;4;26;36;38;69;-1;-1;-1
71;5.2.x;5;212;66;51;72;40;95;-1
72;t;5;212;130;51;71;73;85;-1
73;t;5;230;130;51;72;74;-1;-1
74;t;5;256;130;51;73;75;-1;-1
75;t;5;276;130;51;74;76;-1;-1
76;t;5;296;130;51;75;77;-1;-1
77;t;5;310;130;51;76;78;-1;-1
78;t;5;330;130;51;77;79;-1;-1
79;t;5;348;130;51;78;80;-1;-1
80;t;5;364;130;51;79;81;-1;-1
81;t;5;396;130;51;80;82;83;-1
82;t;5;420;130;51;81;-1;-1;-1
83;t;5;396;82;51;81;84;56;114
84;t;5;396;58;51;83;-1;-1;-1
85;t;5;188;130;51;72;86;-1;-1
86;t;5;166;130;51;85;87;-1;-1
87;t;5;144;130;51;86;88;-1;-1
88;t;5;120;130;51;87;89;-1;-1
89;t;5;102;130;51;88;90;-1;-1
90;t;5;72;130;51;89;91;-1;-1
91;t;5;50;130;51;90;92;-1;-1
92;t;5;26;130;51;91;93;-1;-1
93;t;5;26;80;51;92;94;69;125
94;t;5;26;44;51;93;-1;-1;-1
95;5.3.x;6;212;66;64;96;71;127;-1
96;t;6;212;112;64;95;97;116;117
97;t;6;226;112;64;96;98;99;-1
98;t;6;232;120;64;97;102;131;-1
99;t;6;272;112;64;97;100;101;-1
100;t;6;292;112;64;99;101;103;105
101;t;6;288;122;64;99;100;102;-1
102;t;6;272;122;64;101;98;131;-1
103;t;6;300;120;64;100;104;134;-1
104;t;6;342;122;64;107;103;134;-1
105;t;6;342;112;64;100;106;107;-1
106;t;6;362;112;64;105;107;108;109
107;t;6;356;122;64;104;105;106;-1
108;t;6;368;120;64;106;111;138;-1
109;t;6;398;112;64;106;110;114;-1
110;t;6;410;112;64;109;112;-1;-1
111;t;6;410;122;64;112;108;138;-1
112;t;6;426;120;64;110;111;113;-1
113;t;6;436;122;64;112;-1;-1;-1
114;t;6;396;82;64;109;115;83;140
115;t;6;396;50;64;114;-1;-1;-1
116;t;6;182;112;64;96;117;119;-1
117;t;6;198;122;64;96;116;118;-1
118;t;6;182;122;64;117;120;143;-1
119;t;6;132;112;64;116;120;121;-1
120;t;6;140;120;64;119;118;143;-1
121;t;6;120;120;64;119;122;-1;-1
122;t;6;90;120;64;121;123;-1;-1
123;t;6;64;120;64;122;124;-1;-1
124;t;6;20;116;64;123;125;148;-1
125;t;6;26;80;64;124;126;93;149
126;t;6;26;50;64;125;-1;-1;-1
127;5.3Z.x;7;212;66;76;128;95;-1;-1
128;t;7;212;112;76;127;129;141;-1
129;t;7;288;112;76;128;130;132;-1
130;t;7;288;122;76;129;131;-1;-1
131;t;7;272;122;76;130;98;102;-1
132;t;7;356;112;76;129;133;135;-1
133;t;7;356;122;76;132;134;-1;-1
134;t;7;342;122;76;133;103;104;-1
135;t;7;396;112;76;132;136;140;-1
136;t;7;422;112;76;135;137;-1;-1
137;t;7;426;122;76;136;138;139;-1
138;t;7;410;122;76;137;108;111;-1
139;t;7;436;124;76;137;-1;-1;-1
140;t;7;396;82;76;135;114;-1;-1
141;t;7;196;112;76;128;142;144;-1
142;t;7;196;122;76;141;143;-1;-1
143;t;7;182;122;76;142;118;120;-1
144;t;7;128;112;76;141;145;-1;-1
145;t;7;112;121;76;144;146;-1;-1
146;t;7;92;121;76;145;147;-1;-1
147;t;7;64;121;76;146;148;-1;-1
148;t;7;20;116;76;147;149;124;-1
149;t;7;26;80;76;149;125;-1;-1
150;;8;210;250;0;151;157;-1;-1
151;;8;210;250;0;150;152;-1;-1
152;;8;210;250;0;151;153;-1;-1
153;;8;210;250;0;152;154;-1;-1
154;;8;210;250;0;153;155;-1;-1
155;;8;210;250;0;154;156;-1;-1
156;;8;210;250;0;155;-30000;-1;-1
157;;9;210;250;0;158;150;-30000;-1
158;;9;210;250;0;157;159;165;-1
159;;9;210;250;0;158;160;-1;-1
160;;9;210;250;0;158;161;-1;-1
161;;9;210;250;0;160;162;-1;-1
162;;9;210;250;0;161;163;-1;-1
163;;9;210;250;0;162;164;-1;-1
164;;9;210;250;0;163;-30000;-1;-1
165;;10;210;250;0;166;158;-1;-1
166;;10;210;250;0;165;167;174;-1
167;;10;210;250;0;166;168;-1;-1
168;;10;210;250;0;167;169;-1;-1
169;;10;210;250;0;168;170;-1;-1
170;;10;210;250;0;169;171;-1;-1
171;;10;210;250;0;170;172;-1;-1
172;;10;210;250;0;171;173;-1;-1
173;;10;210;250;0;172;-30000;-1;-1
174;;11;210;250;0;;;;
175;;11;210;250;0;;;;
176;;11;210;250;0;;;;
177;;11;210;250;0;;;;
178;;11;210;250;0;;;;
179;;11;210;250;0;;;;
180;;11;210;250;0;;;;
181;;11;210;250;0;;;;
182;;;10,5;12,5;;;;;
183;;;10,5;12,5;;;;;
184;;;10,5;12,5;;;;;
185;;;10,5;12,5;;;;;
186;;;10,5;12,5;;;;;
187;;;10,5;12,5;;;;;
188;;;10,5;12,5;;;;;
189;;;10,5;12,5;;;;;
190;;;10,5;12,5;;;;;
191;;;10,5;12,5;;;;;
192;;;10,5;12,5;;;;;
193;;;10,5;12,5;;;;;
194;;;10,5;12,5;;;;;
195;;;10,5;12,5;;;;;
196;;;10,5;12,5;;;;;
197;;;10,5;12,5;;;;;
198;;;10,5;12,5;;;;;
199;;;10,5;12,5;;;;;
200;;;10,5;12,5;;;;;
201;;;10,5;12,5;;;;;
202;;;10,5;12,5;;;;;
203;;;10,5;12,5;;;;;
204;;;10,5;12,5;;;;;
205;;;10,5;12,5;;;;;
206;;;10,5;12,5;;;;;
207;;;10,5;12,5;;;;;
208;;;10,5;12,5;;;;;
209;;;10,5;12,5;;;;;
210;;;10,5;12,5;;;;;
211;;;10,5;12,5;;;;;
212;;;10,5;12,5;;;;;
213;;;10,5;12,5;;;;;
214;;;10,5;12,5;;;;;
215;;;10,5;12,5;;;;;
216;;;10,5;12,5;;;;;
217;;;10,5;12,5;;;;;
218;;;10,5;12,5;;;;;
219;;;10,5;12,5;;;;;
220;;;10,5;12,5;;;;;
221;;;10,5;12,5;;;;;
222;;;10,5;12,5;;;;;
223;;;10,5;12,5;;;;;
224;;;10,5;12,5;;;;;
225;;;10,5;12,5;;;;;
226;;;10,5;12,5;;;;;
227;;;10,5;12,5;;;;;
228;;;10,5;12,5;;;;;
229;;;10,5;12,5;;;;;
230;;;10,5;12,5;;;;;
231;;;10,5;12,5;;;;;
232;;;10,5;12,5;;;;;
233;;;10,5;12,5;;;;;
234;;;10,5;12,5;;;;;
235;;;10,5;12,5;;;;;
236;;;10,5;12,5;;;;;
237;;;10,5;12,5;;;;;
238;;;10,5;12,5;;;;;
239;;;10,5;12,5;;;;;
