0;00.00.00;1;434;48;0;1;-30000;-1;-1
1;00.00.00;1;434;60;0;0;2;-1;-1
2;00.00.00;1;400;60;0;1;3;4;-1
3;05.-1.16,05.-1.17,05.-1.18,05.-1.19,;1;400;48;0;2;-1;-1;-1
4;00.00.00;1;396;120;0;2;56;-1;-1
5;00.00.00;1;466;184;0;6;-30000;-1;-1
6;05.-1.26,05.-1.25,05.-1.24,;1;454;184;0;5;-1;-1;-1
7;00.00.00;2;212;66;13;8;22;-30000;-1
8;00.00.00;2;208;102;13;7;9;-1;-1
9;00.00.00;2;208;118;13;8;10;11;-1
10;05.-1.201,05.-1.202,05.-1.246,;2;226;118;13;9;-1;-1;-1
11;05.-1.203,;2;206;128;13;9;12;-1;-1
12;05.-1.204,05.-1.232,;2;170;128;13;11;13;-1;-1
13;05.-1.231,05.-1.230,;2;142;128;13;12;14;-1;-1
14;05.-1.205,05.-1.228,05.-1.229,;2;118;128;13;13;15;-1;-1
15;05.-1.206,;2;102;128;13;14;16;-1;-1
16;05.-1.226,;2;82;128;13;15;17;-1;-1
17;05.-1.207,05.-1.225,;2;52;128;13;16;18;-1;-1
18;05.-1.208,05.-1.209,;2;26;128;13;17;19;-1;-1
19;00.00.00;2;26;80;13;18;20;35;-1
20;05.-1.221,05.-1.216,;2;26;40;13;19;21;-1;-1
21;05.-1.217,05.-1.218,05.-1.219,05.-1.220,;2;26;18;13;20;-1;-1;-1
22;00.00.00;3;212;66;25;23;7;40;-1
23;00.00.00;3;212;88;25;22;24;25;-1
24;05.00.40,;3;238;88;25;23;-1;-1;-1
25;00.00.00;3;212;118;25;23;26;27;28
26;05.00.47,;3;242;118;25;25;-1;-1;-1
27;00.00.00;3;212;160;25;25;-30000;-1;-1
28;05.00.01,05.00.29,;3;166;118;25;25;29;-1;-1
29;05.00.02,05.00.28,;3;144;118;25;28;30;-1;-1
30;05.00.03,05.00.26,05.00.27,;3;120;118;25;29;31;-1;-1
31;05.00.04,05.00.24,05.00.25,;3;98;118;25;30;32;-1;-1
32;05.00.21,05.00.23,;3;74;118;25;31;33;-1;-1
33;05.00.06,05.00.18,;3;52;118;25;32;34;-1;-1
34;05.00.07,05.00.08,;3;26;118;25;33;35;-1;-1
35;00.00.00;3;26;80;25;34;36;19;69
36;00.00.00;3;26;70;25;35;37;38;39
37;00.00.00;3;8;70;25;36;-30000;-1;-1
38;00.00.00;3;48;74;25;36;-30000;-1;-1
39;05.00.10,05.00.11,05.00.12,;3;26;36;25;36;-1;-1;-1
40;00.00.00;4;212;66;38;41;22;71;-1
41;00.00.00;4;212;114;38;40;42;59;-1
42;00.00.00;4;212;134;38;41;43;59;58
43;05.01.41,05.01.85,;4;234;134;38;42;44;-1;-1
44;05.01.42,05.01.83,05.01.84,;4;256;134;38;43;45;-1;-1
45;05.01.81,05.01.82,;4;280;134;38;44;46;-1;-1
46;05.01.43,05.01.79,05.01.80,;4;300;134;38;45;47;-1;-1
47;05.01.44,05.01.77,05.01.78,;4;324;134;38;46;48;-1;-1
48;05.01.45,05.01.75,05.01.76,;4;348;134;38;47;49;-1;-1
49;05.01.46,05.01.47,05.01.73,05.01.74,;4;368;134;38;48;50;-1;-1
50;05.01.71,05.01.72,;4;396;134;38;49;51;55;-1
51;05.01.69,05.01.70,;4;414;134;38;50;52;-1;-1
52;05.01.66,05.01.67,05.01.68,;4;444;134;38;51;53;-1;-1
53;05.01.59,05.01.62,05.01.63,05.01.64,05.01.65,;4;444;112;38;52;54;-1;-1
54;05.01.60,05.01.61,;4;414;112;38;53;55;-1;-1
55;05.01.58,;4;396;82;38;50;54;56;-1
56;00.00.00;4;396;120;38;55;57;4;83
57;05.01.55,05.01.56,05.01.57,;4;396;44;38;56;-1;-1;-1
58;00.00.00;4;212;160;45;42;197;-1;-1
59;05.01.01,05.01.34,05.01.36,05.01.37,;4;186;120;38;41;42;60;-1
60;05.01.02,05.01.03,05.01.33,;4;166;120;38;59;61;-1;-1
61;05.01.04,05.01.05,05.01.32,;4;142;120;38;60;62;-1;-1
62;05.01.06,05.01.07,05.01.31,;4;120;120;38;61;63;-1;-1
63;05.01.08,05.01.09,05.01.30,;4;100;120;38;62;64;-1;-1
64;05.01.10,05.01.11,05.01.29,;4;68;120;38;63;65;-1;-1
65;05.01.12,05.01.13,05.01.28,05.01.27,;4;52;120;38;64;66;-1;-1
66;05.01.14,;4;26;120;38;65;67;68;-1
67;05.01.15,05.01.16,05.01.17,05.01.18,;4;4;120;38;66;-1;-1;-1
68;00.00.00;4;26;104;38;66;69;-1;-1
69;00.00.00;4;26;80;38;68;70;35;93
70;05.01.19,05.01.20,05.01.21,05.01.22,;4;26;36;38;69;-1;-1;-1
71;00.00.00;5;212;66;51;72;40;95;-1
72;00.00.00;5;212;130;51;71;73;85;-1
73;05.02.61,05.02.36,;5;230;130;51;72;74;-1;-1
74;05.02.59,05.02.60,05.02.37,;5;256;130;51;73;75;-1;-1
75;05.02.58,05.02.38,;5;276;130;51;74;76;-1;-1
76;05.02.57,;5;296;130;51;75;77;-1;-1
77;05.02.56,05.02.62,;5;310;130;51;76;78;-1;-1
78;05.02.39,05.02.55,;5;330;130;51;77;79;-1;-1
79;05.02.40,05.02.54,;5;348;130;51;78;80;-1;-1
80;05.02.53,;5;364;130;51;79;81;-1;-1
81;05.02.52,;5;396;130;51;80;82;83;-1
82;05.02.51,05.02.50,05.02.49,;5;420;130;51;81;-1;-1;-1
83;00.00.00;5;396;82;51;81;84;56;114
84;05.02.48,;5;396;58;51;83;-1;-1;-1
85;05.02.01,05.02.02,;5;188;130;51;72;86;-1;-1
86;05.02.03,05.02.04,05.02.29,;5;166;130;51;85;87;-1;-1
87;05.02.05,05.02.06,05.02.28,;5;144;130;51;86;88;-1;-1
88;05.02.07,05.02.27,;5;120;130;51;87;89;-1;-1
89;05.02.08,;5;102;130;51;88;90;-1;-1
90;05.02.09,05.02.10,05.02.26,;5;72;130;51;89;91;-1;-1
91;05.02.11,;5;50;130;51;90;92;-1;-1
92;05.02.12,05.02.13,05.02.14,;5;26;130;51;91;93;-1;-1
93;00.00.00;5;26;80;51;92;94;69;125
94;05.02.15,05.02.16,;5;26;44;51;93;-1;-1;-1
95;00.00.00;6;212;66;64;96;71;127;-1
96;00.00.00;6;212;112;64;95;97;116;117
97;00.00.00;6;226;112;64;96;98;99;-1
98;05.03.43,;6;232;120;64;97;102;131;-1
99;05.03.42,;6;272;112;64;97;100;101;-1
100;00.00.00;6;292;112;64;99;101;103;105
101;00.00.00;6;288;122;64;99;100;102;-1
102;00.00.00;6;272;122;70;101;98;131;-1
103;05.03.40,;6;300;120;64;100;104;134;-1
104;00.00.00;6;342;122;70;107;103;134;-1
105;05.03.38,;6;342;112;64;100;106;107;-1
106;00.00.00;6;362;112;64;105;107;108;109
107;00.00.00;6;356;122;64;104;105;106;-1
108;05.03.37,;6;368;120;64;106;111;138;-1
109;00.00.00;6;398;112;64;106;110;114;-1
110;05.03.36,;6;410;112;64;109;112;-1;-1
111;00.00.00;6;410;122;70;112;108;138;-1
112;00.00.00;6;426;120;64;110;111;113;-1
113;05.03.32,05.03.33,;6;436;122;64;112;-1;-1;-1
114;00.00.00;6;396;82;64;109;115;83;140
115;05.03.28,05.03.29,;6;396;50;64;114;-1;-1;-1
116;05.03.01,;6;182;112;64;96;117;119;-1
117;00.00.00;6;198;122;64;96;116;118;-1
118;00.00.00;6;182;122;70;117;120;143;-1
119;00.00.00;6;132;112;64;116;120;121;-1
120;05.03.02,;6;140;120;64;119;118;143;-1
121;05.03.04,;6;120;120;64;119;122;-1;-1
122;05.03.05,;6;90;120;64;121;123;-1;-1
123;05.03.06,05.03.07,;6;64;120;64;122;124;-1;-1
124;05.03.08,05.03.09,;6;20;116;64;123;125;148;-1
125;00.00.00;6;26;80;64;124;126;93;149
126;05.03.10,05.03.12,05.03.13,;6;26;50;64;125;-1;-1;-1
127;00.00.00;7;212;66;76;128;95;-1;-1
128;00.00.00;7;212;112;76;127;129;141;-1
129;00.00.00;7;288;112;76;128;130;132;-1
130;05.03.230,;7;288;122;76;129;131;-1;-1
131;00.00.00;7;272;122;70;130;98;102;-1
132;00.00.00;7;356;112;76;129;133;135;-1
133;05.03.229,;7;356;122;76;132;134;-1;-1
134;00.00.00;7;342;122;70;133;103;104;-1
135;00.00.00;7;396;112;76;132;136;140;-1
136;00.00.00;7;422;112;76;135;137;-1;-1
137;05.03.228,;7;426;122;76;136;138;139;-1
138;00.00.00;7;410;122;70;137;108;111;-1
139;05.03.225,05.03.224,;7;436;124;76;137;-1;-1;-1
140;00.00.00;7;396;82;76;135;114;-1;-1
141;00.00.00;7;196;112;76;128;142;144;-1
142;05.03.201,;7;196;122;76;141;143;-1;-1
143;00.00.00;7;182;122;70;142;118;120;-1
144;00.00.00;7;128;112;76;141;145;-1;-1
145;05.03.202,;7;112;121;76;144;146;-1;-1
146;05.03.203,;7;92;121;76;145;147;-1;-1
147;05.03.204,05.03.205,;7;64;121;76;146;148;-1;-1
148;05.03.206,05.03.207,;7;20;116;76;147;149;124;-1
149;00.00.00;7;26;80;76;149;125;-1;-1
150;00.00.00;8;218;282;13;151;157;-1;-1
151;01.-1.12,;8;228;282;13;150;152;-1;-1
152;01.-1.09,01.-1.13,01.-1.14,01.-1.08,;8;228;300;13;151;153;-1;-1
153;01.-1.07,01.-1.15,01.-1.16,;8;228;324;13;152;154;-1;-1
154;01.-1.05,01.-1.06,01.-1.17,01.-1.18,;8;228;349;13;153;155;-1;-1
155;01.-1.19,;8;228;366;13;154;156;-1;-1
156;01.-1.20,;8;228;377;13;155;198;-1;-1
157;00.00.00;9;217;253;24;158;150;-30000;-1
158;00.00.00;9;218;273;25;157;159;165;-1
159;00.00.00;9;218;281;25;158;160;-1;-1
160;01.00.10,01.00.12,;9;228;281;25;158;161;-1;-1
161;01.00.08,01.00.09,01.00.13,01.00.14,;9;228;301;25;160;162;-1;-1
162;01.00.07,01.00.15,01.00.16,;9;228;321;25;161;163;-1;-1
163;01.00.17,01.00.06,;9;228;338;25;162;164;-1;-1
164;01.00.18,01.00.19,;9;228;366;25;163;200;-1;-1
165;00.00.00;10;217;255;32;166;158;-1;-1
166;00.00.00;10;218;274;38;165;167;174;-1
167;00.00.00;10;218;283;38;166;168;-1;-1
168;01.01.11,;10;228;283;38;167;169;-1;-1
169;01.01.10,01.01.12,;10;228;303;38;168;170;-1;-1
170;01.01.09,01.01.13,;10;228;316;38;169;171;-1;-1
171;01.01.08,01.01.14,;10;228;328;38;170;172;-1;-1
172;01.01.07,01.01.15,;10;228;338;38;171;173;-1;-1
173;01.01.16,;10;228;372;38;172;212;-1;-1
174;00.00.00;11;210;250;45;175;166;197;-1
175;00.00.00;11;210;250;51;174;176;182;-1
176;00.00.00;11;210;250;51;175;177;-1;-1
177;01.02.11,;11;210;250;51;176;178;-1;-1
178;01.02.10,01.02.12,;11;210;250;51;177;179;-1;-1
179;01.02.08,01.02.09,;11;210;250;51;178;180;-1;-1
180;01.02.07,01.02.13,;11;210;250;51;179;181;-1;-1
181;01.02.14,;11;210;250;51;180;222;-1;-1
182;00.00.00;12;210;250;57;183;175;-1;-1
183;00.00.00;12;210;250;64;182;184;189;-1
184;00.00.00;12;210;250;64;183;185;-1;-1
185;01.03.11,01.03.12,;12;210;250;64;184;186;-1;-1
186;01.03.08,01.03.09,;12;210;250;64;185;187;-1;-1
187;01.03.07,01.03.13,;12;210;250;64;186;188;-1;-1
188;01.03.14,;12;210;250;64;187;231;-1;-1
189;00.00.00;13;210;250;70;190;183;-1;-1
190;00.00.00;13;210;250;76;189;191;-1;-1
191;00.00.00;13;210;250;76;190;192;-1;-1
192;01.04.12,01.04.14,;13;210;250;76;191;193;-1;-1
193;01.04.09,01.04.10,01.04.11,01.04.15,01.04.16,;13;210;250;76;192;194;-1;-1
194;01.04.08,01.04.17,;13;210;250;76;193;195;-1;-1
195;01.04.07,01.04.18,;13;210;250;76;194;196;-1;-1
196;01.04.19,;13;210;250;76;195;-30000;-1;-1
197;00.00.00;11;210;250;45;174;58;-1;-1
198;00.00.00;8;230;380;13;199;156;-1;-1
199;00.00.00;8;230;380;19;198;202;-1;-1
200;00.00.00;9;230;380;25;201;202;164;-1
201;00.00.00;9;230;380;32;200;215;-1;-1
202;00.00.00;9;230;380;25;200;203;199;-1
203;00.00.00;9;230;380;25;202;204;208;-1
204;02.00.01,;9;230;380;25;203;205;206;-1
205;00.00.00;9;230;380;25;204;206;207;-1
206;00.00.00;9;230;380;25;204;205;-30000;-1
207;00.00.00;9;230;380;25;205;208;210;-1
208;00.00.00;9;230;380;25;207;209;210;-1
209;00.00.00;9;230;380;25;208;211;-1;-1
210;02.00.62,;9;230;380;25;207;261;-1;-1
211;00.00.00;9;230;380;25;209;221;-1;-1
212;00.00.00;10;230;380;38;213;214;173;-1
213;00.00.00;10;230;380;45;212;224;-1;-1
214;00.00.00;10;230;380;38;212;215;344;-1
215;02.01.01,;10;230;380;38;214;216;201;-1
216;02.01.02,;10;230;380;38;215;217;-1;-1
217;02.01.03,02.01.07,;10;230;380;38;216;218;-1;-1
218;02.01.04,;10;230;380;38;217;219;220;-1
219;02.01.05,;10;230;380;38;218;-30000;-1;-1
220;00.00.00;10;334;421;38;218;221;-1;-1
221;00.00.00;10;230;380;32;220;211;349;-1
222;00.00.00;11;230;380;51;223;224;181;-1
223;00.00.00;11;230;380;57;222;233;-1;-1
224;00.00.00;11;230;380;51;222;225;213;-1
225;02.02.01,;11;230;380;51;224;226;-1;-1
226;02.02.02,;11;230;380;51;225;227;-1;-1
227;02.02.06,;11;230;380;51;226;228;-1;-1
228;02.02.05,;11;230;380;51;227;229;230;-1
229;00.00.00;11;230;380;51;228;-30000;-1;-1
230;00.00.00;11;230;380;51;228;221;239;-1
231;00.00.00;12;230;380;64;232;233;188;-1
232;00.00.00;12;230;380;70;231;241;-1;-1
233;00.00.00;12;230;380;64;231;234;223;-1
234;02.03.01,;12;230;380;64;233;235;-1;-1
235;02.03.02,02.03.07,;12;230;380;64;234;236;-1;-1
236;02.03.03,02.03.06,02.03.05,;12;230;380;64;235;237;-1;-1
237;02.03.04,;12;230;380;64;236;238;239;-1
238;00.00.00;12;230;380;64;237;-30000;-1;-1
239;00.00.00;12;334;380;64;237;230;246;-1
240;00.00.00;13;230;380;76;241;196;-1;-1
241;00.00.00;13;230;380;76;240;242;232;-1
242;02.04.01,02.04.02,;13;230;380;76;241;243;-1;-1
243;02.04.03,02.04.08,;13;230;380;76;242;244;-1;-1
244;02.04.04,02.04.05,02.04.07,;13;230;380;76;243;245;-1;-1
245;02.04.06,;13;230;380;76;244;246;-1;-1
246;00.00.00;13;230;380;76;245;239;-1;-1
247;03.-1.16,;8;390;328;13;248;-1;-1;-1
248;03.-1.17,;8;390;328;13;247;249;-1;-1
249;03.-1.19,03.-1.15,;8;390;328;13;248;250;-1;-1
250;03.-1.20,;8;390;328;13;249;251;-1;-1
251;03.-1.13,;8;390;328;13;250;252;253;-1
252;00.00.00;8;390;328;13;251;256;-1;-1
253;03.-1.01,03.-1.07,;8;390;328;13;251;254;-1;-1
254;00.00.00;8;390;328;13;253;-1;-1;-1
255;00.00.00;9;390;328;25;256;252;270;-1
256;00.00.00;9;390;328;25;255;257;258;-1
257;00.00.00;9;390;328;25;256;-30000;-1;-1
258;00.00.00;9;390;328;25;256;-30000;-1;-1
259;00.00.00;9;390;328;25;256;260;262;-1
260;00.00.00;9;390;328;25;259;261;-1;-1
261;00.00.00;9;390;328;25;260;210;-1;-1
262;00.00.00;9;390;328;25;259;263;-1;-1
263;00.00.00;9;390;328;25;262;264;-1;-1
264;00.00.00;9;390;328;25;263;-1;-1;-1
265;00.00.00;10;390;328;38;266;219;-1;-1
266;03.01.01,;10;390;328;38;265;267;-1;-1
267;03.01.02,03.01.41,;10;390;328;38;266;268;-1;-1
268;03.01.03,03.01.40,;10;390;328;38;267;269;-1;-1
269;00.00.00;10;390;328;38;268;270;271;-1
270;00.00.00;10;390;328;38;269;255;291;-1
271;03.01.09,03.01.39,;10;390;328;38;269;272;-1;-1
272;03.01.10,03.01.11,03.01.36,03.01.37,03.01.38,;10;390;328;38;271;273;-1;-1
273;03.01.12,03.01.35,;10;390;328;38;272;274;-1;-1
274;03.01.13,;10;390;328;38;273;275;282;-1
275;03.01.14,03.01.31,;10;390;328;38;274;276;-1;-1
276;03.01.15,03.01.30,;10;390;328;38;275;277;-1;-1
277;03.01.16,03.01.29,;10;390;328;38;276;278;-1;-1
278;03.01.17,;10;390;328;38;277;279;280;-1
279;03.01.19,03.01.20,03.01.21,03.01.22,03.01.42,03.01.18,;10;390;328;38;278;280;-1;-1
280;00.00.00;10;390;328;38;278;281;304;-1
281;00.00.00;10;390;328;32;280;-30000;-30000;-1
282;00.00.00;10;390;328;38;274;283;-1;-1
283;00.00.00;10;390;328;38;282;284;298;-1
284;00.00.00;10;390;328;32;283;-30000;-30000;-1
285;00.00.00;11;390;328;51;286;229;-1;-1
286;03.02.01,03.02.47,;11;390;328;51;285;287;-1;-1
287;03.02.45,03.02.46,;11;390;328;51;286;289;-1;-1
288;00.00.00;11;0;0;51;371;372;-30000;-1
289;03.02.02,03.02.44,;11;390;328;51;287;290;-1;-1
290;03.02.43,03.02.42,;11;390;328;51;289;291;292;-1
291;00.00.00;11;390;328;51;290;270;313;-1
292;03.02.09,03.02.10,03.02.40,03.02.41,;11;390;328;51;290;293;-1;-1
293;03.02.11,03.02.38,03.02.39,;11;390;328;51;292;294;-1;-1
294;03.02.12,;11;390;328;51;293;295;-1;-1
295;03.02.13,03.02.37,;11;390;328;51;294;296;-1;-1
296;03.02.14,;11;390;328;51;295;297;299;-1
297;00.00.00;11;390;328;51;296;298;-1;-1
298;00.00.00;11;390;328;51;297;284;319;-1
299;03.02.15,03.02.34,;11;390;328;51;296;300;-1;-1
300;03.02.33,03.02.16,;11;390;328;51;299;301;-1;-1
301;03.02.32,03.02.31,;11;390;328;51;300;302;-1;-1
302;03.02.17,03.02.30,;11;390;328;51;301;303;-1;-1
303;03.02.18,;11;390;328;51;302;304;305;-1
304;00.00.00;11;390;328;51;303;280;324;-1
305;00.00.00;11;390;328;51;303;306;-1;-1
306;03.02.19,03.02.20,03.02.21,03.02.22,03.02.23,;11;390;328;51;305;-1;-1;-1
307;00.00.00;12;390;328;64;308;238;-1;-1
308;03.03.01,;12;390;328;64;307;309;-1;-1
309;00.00.00;12;390;328;64;308;310;-1;-1
310;00.00.00;12;390;328;64;309;311;-1;-1
311;00.00.00;12;390;328;64;310;312;314;-1
312;00.00.00;12;390;328;64;311;313;-1;-1
313;00.00.00;12;390;328;64;312;291;-1;-1
314;03.03.42,;12;390;328;64;311;315;-1;-1
315;03.03.10,03.03.41,03.03.40,;12;390;328;64;314;316;-1;-1
316;03.03.11,03.03.12,03.03.38,03.03.39,;12;390;328;64;315;317;-1;-1
317;03.03.13,03.03.14,03.03.35,;12;390;328;64;316;318;320;-1
318;00.00.00;12;390;328;64;317;319;-1;-1
319;00.00.00;12;390;328;64;318;298;-1;-1
320;03.03.15,03.03.16,;12;390;328;64;317;321;-1;-1
321;03.03.17,03.03.18,;12;390;328;64;320;322;-1;-1
322;03.03.19,03.03.20,03.03.33,;12;390;328;64;321;323;-1;-1
323;03.03.21,03.03.22,;12;390;328;64;322;324;425;-1
324;00.00.00;12;390;328;64;323;304;-1;-1
325;03.03.23,03.03.24,03.03.25,03.03.26,;12;390;328;64;323;-1;-1;-1
326;00.00.00;0;0;0;0;327;-30000;-1;-1
327;00.00.00;0;0;0;0;328;329;-1;-1
328;00.00.00;0;0;0;0;327;329;-30000;-1
329;00.00.00;0;0;0;0;330;331;-1;-1
330;00.00.00;0;0;0;0;329;331;-30000;-1
331;00.00.00;0;0;0;0;329;330;332;-1
332;00.00.00;0;0;0;0;331;333;-1;-1
333;00.00.00;0;0;0;0;332;334;336;-1
334;00.00.00;0;0;0;0;333;335;-1;-1
335;00.00.00;0;0;0;0;334;-30000;-1;-1
336;00.00.00;0;0;0;0;333;337;-1;-1
337;00.00.00;0;0;0;0;336;338;-1;-1
338;00.00.00;0;0;0;0;337;339;340;-1
339;00.00.00;0;0;0;0;338;-30000;-1;-1
340;00.00.00;0;0;0;0;338;341;375;-1
341;00.00.00;0;0;0;0;340;342;-1;-1
342;00.00.00;0;0;0;0;341;343;374;-1
343;00.00.00;0;0;0;0;342;344;345;347
344;00.00.00;0;0;0;0;343;-30000;-1;-1
345;00.00.00;0;0;0;0;343;346;-1;-1
346;00.00.00;0;0;0;0;345;-30000;-1;-1
347;00.00.00;0;0;0;0;343;348;-1;-1
348;00.00.00;0;0;0;0;347;349;350;-1
349;00.00.00;0;0;0;0;348;351;-30000;-1
350;00.00.00;0;0;0;0;348;351;354;-1
351;00.00.00;0;0;0;0;350;352;349;-1
352;00.00.00;0;0;0;0;351;353;354;-30000
353;00.00.00;0;0;0;0;352;356;377;-30000
354;00.00.00;0;0;0;0;350;352;377;-1
355;00.00.00;0;0;0;0;357;377;-1;-1
356;00.00.00;0;0;0;0;353;357;359;367
357;00.00.00;0;0;0;0;355;356;358;359
358;00.00.00;0;0;0;0;357;359;-30000;-1
359;00.00.00;0;0;0;0;357;358;360;-1
360;00.00.00;0;0;0;0;359;361;-1;-1
361;00.00.00;0;0;0;0;360;362;364;-1
362;00.00.00;0;0;0;0;361;363;364;-1
363;00.00.00;0;0;0;0;362;-1;-1;-1
364;00.00.00;0;0;0;0;361;362;365;-1
365;00.00.00;0;0;0;0;364;366;-1;-1
366;00.00.00;0;0;0;0;365;-30000;-1;-1
367;00.00.00;0;0;0;0;356;368;-1;-1
368;00.00.00;0;0;0;0;367;369;-30000;-1
369;00.00.00;0;0;0;0;368;370;-1;-1
370;00.00.00;0;0;0;0;369;371;372;-1
371;00.00.00;0;0;0;0;370;372;288;-30000
372;00.00.00;0;0;0;0;370;371;373;288
373;00.00.00;0;0;0;0;372;374;375;-30000
374;00.00.00;0;0;0;0;342;373;-1;-1
375;00.00.00;0;0;0;0;373;376;340;-1
376;00.00.00;0;0;0;0;375;-30000;-1;-1
377;00.00.00;0;0;0;0;353;354;355;-1
